CREATE TABLE "auth_group" ("id" integer NOT NULL PRIMARY KEY AUTOINCREMENT, "name" varchar(80) NOT NULL UNIQUE);
CREATE UNIQUE INDEX "auth_group_permissions_group_id_permission_id_0cd325b0_uniq" ON "auth_group_permissions" ("group_id", "permission_id");
CREATE INDEX IF NOT EXISTS "auth_group_permissions_group_id_b120cbf9" ON "auth_group_permissions" ("group_id");
CREATE INDEX IF NOT EXISTS "auth_group_permissions_permission_id_84c5c92e" ON "auth_group_permissions" ("permission_id");
CREATE UNIQUE INDEX "auth_user_groups_user_id_group_id_94350c0c_uniq" ON "auth_user_groups" ("user_id", "group_id");
CREATE INDEX IF NOT EXISTS "auth_user_groups_user_id_6a12ed8b" ON "auth_user_groups" ("user_id");
CREATE INDEX IF NOT EXISTS "auth_user_groups_group_id_97559544" ON "auth_user_groups" ("group_id");
CREATE UNIQUE INDEX "auth_user_user_permissions_user_id_permission_id_14a6b632_uniq" ON "auth_user_user_permissions" ("user_id", "permission_id");
CREATE INDEX IF NOT EXISTS "auth_user_user_permissions_user_id_a95ead1b" ON "auth_user_user_permissions" ("user_id");
CREATE INDEX IF NOT EXISTS "auth_user_user_permissions_permission_id_1fbb5f2c" ON "auth_user_user_permissions" ("permission_id");
CREATE INDEX IF NOT EXISTS "django_admin_log_content_type_id_c4bce8eb" ON "django_admin_log" ("content_type_id");
CREATE INDEX IF NOT EXISTS "django_admin_log_user_id_c564eba6" ON "django_admin_log" ("user_id");
CREATE UNIQUE INDEX "django_content_type_app_label_model_76bd3d3b_uniq" ON "django_content_type" ("app_label", "model");
CREATE UNIQUE INDEX "auth_permission_content_type_id_codename_01ab375a_uniq" ON "auth_permission" ("content_type_id", "codename");
CREATE INDEX IF NOT EXISTS "auth_permission_content_type_id_2f476e4b" ON "auth_permission" ("content_type_id");
CREATE INDEX IF NOT EXISTS "django_session_expire_date_a5c62663" ON "django_session" ("expire_date");
CREATE INDEX IF NOT EXISTS "text_entry_log_id_dee26cc2" ON "text_entry" ("log_id");
CREATE INDEX IF NOT EXISTS "text_log_user_id_57c8fdfc" ON "text_log" ("user_id");
CREATE TABLE "auth_group_permissions" ("id" integer NOT NULL PRIMARY KEY AUTOINCREMENT, "group_id" integer NOT NULL REFERENCES "auth_group" ("id"), "permission_id" integer NOT NULL REFERENCES "auth_permission" ("id"));
CREATE UNIQUE INDEX "auth_group_permissions_group_id_permission_id_0cd325b0_uniq" ON "auth_group_permissions" ("group_id", "permission_id");
CREATE INDEX IF NOT EXISTS "auth_group_permissions_group_id_b120cbf9" ON "auth_group_permissions" ("group_id");
CREATE INDEX IF NOT EXISTS "auth_group_permissions_permission_id_84c5c92e" ON "auth_group_permissions" ("permission_id");
CREATE UNIQUE INDEX "auth_user_groups_user_id_group_id_94350c0c_uniq" ON "auth_user_groups" ("user_id", "group_id");
CREATE INDEX IF NOT EXISTS "auth_user_groups_user_id_6a12ed8b" ON "auth_user_groups" ("user_id");
CREATE INDEX IF NOT EXISTS "auth_user_groups_group_id_97559544" ON "auth_user_groups" ("group_id");
CREATE UNIQUE INDEX "auth_user_user_permissions_user_id_permission_id_14a6b632_uniq" ON "auth_user_user_permissions" ("user_id", "permission_id");
CREATE INDEX IF NOT EXISTS "auth_user_user_permissions_user_id_a95ead1b" ON "auth_user_user_permissions" ("user_id");
CREATE INDEX IF NOT EXISTS "auth_user_user_permissions_permission_id_1fbb5f2c" ON "auth_user_user_permissions" ("permission_id");
CREATE INDEX IF NOT EXISTS "django_admin_log_content_type_id_c4bce8eb" ON "django_admin_log" ("content_type_id");
CREATE INDEX IF NOT EXISTS "django_admin_log_user_id_c564eba6" ON "django_admin_log" ("user_id");
CREATE UNIQUE INDEX "django_content_type_app_label_model_76bd3d3b_uniq" ON "django_content_type" ("app_label", "model");
CREATE UNIQUE INDEX "auth_permission_content_type_id_codename_01ab375a_uniq" ON "auth_permission" ("content_type_id", "codename");
CREATE INDEX IF NOT EXISTS "auth_permission_content_type_id_2f476e4b" ON "auth_permission" ("content_type_id");
CREATE INDEX IF NOT EXISTS "django_session_expire_date_a5c62663" ON "django_session" ("expire_date");
CREATE INDEX IF NOT EXISTS "text_entry_log_id_dee26cc2" ON "text_entry" ("log_id");
CREATE INDEX IF NOT EXISTS "text_log_user_id_57c8fdfc" ON "text_log" ("user_id");
CREATE TABLE "auth_permission" ("id" integer NOT NULL PRIMARY KEY AUTOINCREMENT, "content_type_id" integer NOT NULL REFERENCES "django_content_type" ("id"), "codename" varchar(100) NOT NULL, "name" varchar(255) NOT NULL);
INSERT INTO "auth_permission" VALUES(1,1,'add_logentry','Can add log entry');
INSERT INTO "auth_permission" VALUES(2,1,'change_logentry','Can change log entry');
INSERT INTO "auth_permission" VALUES(3,1,'delete_logentry','Can delete log entry');
INSERT INTO "auth_permission" VALUES(4,2,'add_group','Can add group');
INSERT INTO "auth_permission" VALUES(5,2,'change_group','Can change group');
INSERT INTO "auth_permission" VALUES(6,2,'delete_group','Can delete group');
INSERT INTO "auth_permission" VALUES(7,3,'add_permission','Can add permission');
INSERT INTO "auth_permission" VALUES(8,3,'change_permission','Can change permission');
INSERT INTO "auth_permission" VALUES(9,3,'delete_permission','Can delete permission');
INSERT INTO "auth_permission" VALUES(10,4,'add_user','Can add user');
INSERT INTO "auth_permission" VALUES(11,4,'change_user','Can change user');
INSERT INTO "auth_permission" VALUES(12,4,'delete_user','Can delete user');
INSERT INTO "auth_permission" VALUES(13,5,'add_contenttype','Can add content type');
INSERT INTO "auth_permission" VALUES(14,5,'change_contenttype','Can change content type');
INSERT INTO "auth_permission" VALUES(15,5,'delete_contenttype','Can delete content type');
INSERT INTO "auth_permission" VALUES(16,6,'add_session','Can add session');
INSERT INTO "auth_permission" VALUES(17,6,'change_session','Can change session');
INSERT INTO "auth_permission" VALUES(18,6,'delete_session','Can delete session');
INSERT INTO "auth_permission" VALUES(19,7,'add_log','Can add log');
INSERT INTO "auth_permission" VALUES(20,7,'change_log','Can change log');
INSERT INTO "auth_permission" VALUES(21,7,'delete_log','Can delete log');
INSERT INTO "auth_permission" VALUES(22,8,'add_entry','Can add entry');
INSERT INTO "auth_permission" VALUES(23,8,'change_entry','Can change entry');
INSERT INTO "auth_permission" VALUES(24,8,'delete_entry','Can delete entry');
CREATE UNIQUE INDEX "auth_group_permissions_group_id_permission_id_0cd325b0_uniq" ON "auth_group_permissions" ("group_id", "permission_id");
CREATE INDEX IF NOT EXISTS "auth_group_permissions_group_id_b120cbf9" ON "auth_group_permissions" ("group_id");
CREATE INDEX IF NOT EXISTS "auth_group_permissions_permission_id_84c5c92e" ON "auth_group_permissions" ("permission_id");
CREATE UNIQUE INDEX "auth_user_groups_user_id_group_id_94350c0c_uniq" ON "auth_user_groups" ("user_id", "group_id");
CREATE INDEX IF NOT EXISTS "auth_user_groups_user_id_6a12ed8b" ON "auth_user_groups" ("user_id");
CREATE INDEX IF NOT EXISTS "auth_user_groups_group_id_97559544" ON "auth_user_groups" ("group_id");
CREATE UNIQUE INDEX "auth_user_user_permissions_user_id_permission_id_14a6b632_uniq" ON "auth_user_user_permissions" ("user_id", "permission_id");
CREATE INDEX IF NOT EXISTS "auth_user_user_permissions_user_id_a95ead1b" ON "auth_user_user_permissions" ("user_id");
CREATE INDEX IF NOT EXISTS "auth_user_user_permissions_permission_id_1fbb5f2c" ON "auth_user_user_permissions" ("permission_id");
CREATE INDEX IF NOT EXISTS "django_admin_log_content_type_id_c4bce8eb" ON "django_admin_log" ("content_type_id");
CREATE INDEX IF NOT EXISTS "django_admin_log_user_id_c564eba6" ON "django_admin_log" ("user_id");
CREATE UNIQUE INDEX "django_content_type_app_label_model_76bd3d3b_uniq" ON "django_content_type" ("app_label", "model");
CREATE UNIQUE INDEX "auth_permission_content_type_id_codename_01ab375a_uniq" ON "auth_permission" ("content_type_id", "codename");
CREATE INDEX IF NOT EXISTS "auth_permission_content_type_id_2f476e4b" ON "auth_permission" ("content_type_id");
CREATE INDEX IF NOT EXISTS "django_session_expire_date_a5c62663" ON "django_session" ("expire_date");
CREATE INDEX IF NOT EXISTS "text_entry_log_id_dee26cc2" ON "text_entry" ("log_id");
CREATE INDEX IF NOT EXISTS "text_log_user_id_57c8fdfc" ON "text_log" ("user_id");
CREATE TABLE "auth_user" ("id" integer NOT NULL PRIMARY KEY AUTOINCREMENT, "password" varchar(128) NOT NULL, "last_login" datetime NULL, "is_superuser" bool NOT NULL, "first_name" varchar(30) NOT NULL, "last_name" varchar(30) NOT NULL, "email" varchar(254) NOT NULL, "is_staff" bool NOT NULL, "is_active" bool NOT NULL, "date_joined" datetime NOT NULL, "username" varchar(150) NOT NULL UNIQUE);
INSERT INTO "auth_user" VALUES(1,'pbkdf2_sha256$36000$wlq2TuLkWgdH$VRnfVwbXoa8DKXMreCiA3a6+ELxHSRwKABeG15xe7vg=','2017-11-02 22:29:10.023668',1,'','','admin@live.com',1,1,'2017-10-31 23:43:36.827938','admin');
INSERT INTO "auth_user" VALUES(2,'pbkdf2_sha256$36000$m2lQQGbFfcNH$bX88GH9Um1cBcBMy2WW+RuAP9A4LR6f3Q9zGrWAcAvM=','2017-11-01 16:26:02.106841',0,'','','iustin@test.com',0,1,'2017-11-01 16:26:01.918707','Iustin');
INSERT INTO "auth_user" VALUES(3,'pbkdf2_sha256$36000$XEp5jBDio1dm$Q0jbSn5AaPiGZZBgNLPVtCzCiL9aZi6RPoLf/pDAYaU=','2017-11-02 22:29:38.053527',0,'','','',0,1,'2017-11-01 16:56:54.857270','iustin');
INSERT INTO "auth_user" VALUES(4,'pbkdf2_sha256$36000$eAqTsEDX4cVC$LMkTWLE9S+uS3314IGwQApXBYe3O3zsrlHSJrEy4TGQ=','2017-11-01 19:32:18.791763',0,'','','jj@jj.com',0,1,'2017-11-01 19:32:18.653160','jj');
INSERT INTO "auth_user" VALUES(5,'pbkdf2_sha256$36000$6ZjroMVv1M70$jnpNhOQTf11xpv0DuJpJPZQPvyqbBp8ym2cyKPJyMTg=','2017-11-01 21:20:19.927289',0,'','','mike@live.com',0,1,'2017-11-01 21:20:19.792684','Mike');
INSERT INTO "auth_user" VALUES(6,'pbkdf2_sha256$36000$HY8xlLRyIh3k$EFqrxVphiE0JDuiuJkLMOsrdmBukxLXkGe4LxNgqlwQ=','2017-11-02 22:19:41.919265',0,'','','ius@live.com',0,1,'2017-11-02 14:06:13.223495','ius');
INSERT INTO "auth_user" VALUES(7,'pbkdf2_sha256$36000$1TwzdwCQmEIR$Yg3bwJRf0YcC/1TjJMVHKi0uU0aOATvPfwk4BsvSrlY=','2017-11-02 22:34:59.688399',0,'','','alecu@ejm.com',0,1,'2017-11-02 22:32:30.362503','alecu');
INSERT INTO "auth_user" VALUES(8,'pbkdf2_sha256$36000$3lcB5efN1Set$Adr0GKphaUChXcKzHhVeeUpDbVcqukw3IsKt5GV8D/w=','2017-11-03 01:02:03.502802',0,'','','irina@ecool.com',0,1,'2017-11-03 01:02:03.333669','iriina');
INSERT INTO "auth_user" VALUES(9,'pbkdf2_sha256$36000$q7bQGVFqblR4$Nvx8Sv/fAPk+jGLDDrZ0zfEdQ1pzmSOzECVhzoY/Ac8=','2017-11-03 11:14:48.084684',0,'','','lucy@iscool.com',0,1,'2017-11-03 11:14:47.895537','lucy');
CREATE UNIQUE INDEX "auth_group_permissions_group_id_permission_id_0cd325b0_uniq" ON "auth_group_permissions" ("group_id", "permission_id");
CREATE INDEX IF NOT EXISTS "auth_group_permissions_group_id_b120cbf9" ON "auth_group_permissions" ("group_id");
CREATE INDEX IF NOT EXISTS "auth_group_permissions_permission_id_84c5c92e" ON "auth_group_permissions" ("permission_id");
CREATE UNIQUE INDEX "auth_user_groups_user_id_group_id_94350c0c_uniq" ON "auth_user_groups" ("user_id", "group_id");
CREATE INDEX IF NOT EXISTS "auth_user_groups_user_id_6a12ed8b" ON "auth_user_groups" ("user_id");
CREATE INDEX IF NOT EXISTS "auth_user_groups_group_id_97559544" ON "auth_user_groups" ("group_id");
CREATE UNIQUE INDEX "auth_user_user_permissions_user_id_permission_id_14a6b632_uniq" ON "auth_user_user_permissions" ("user_id", "permission_id");
CREATE INDEX IF NOT EXISTS "auth_user_user_permissions_user_id_a95ead1b" ON "auth_user_user_permissions" ("user_id");
CREATE INDEX IF NOT EXISTS "auth_user_user_permissions_permission_id_1fbb5f2c" ON "auth_user_user_permissions" ("permission_id");
CREATE INDEX IF NOT EXISTS "django_admin_log_content_type_id_c4bce8eb" ON "django_admin_log" ("content_type_id");
CREATE INDEX IF NOT EXISTS "django_admin_log_user_id_c564eba6" ON "django_admin_log" ("user_id");
CREATE UNIQUE INDEX "django_content_type_app_label_model_76bd3d3b_uniq" ON "django_content_type" ("app_label", "model");
CREATE UNIQUE INDEX "auth_permission_content_type_id_codename_01ab375a_uniq" ON "auth_permission" ("content_type_id", "codename");
CREATE INDEX IF NOT EXISTS "auth_permission_content_type_id_2f476e4b" ON "auth_permission" ("content_type_id");
CREATE INDEX IF NOT EXISTS "django_session_expire_date_a5c62663" ON "django_session" ("expire_date");
CREATE INDEX IF NOT EXISTS "text_entry_log_id_dee26cc2" ON "text_entry" ("log_id");
CREATE INDEX IF NOT EXISTS "text_log_user_id_57c8fdfc" ON "text_log" ("user_id");
CREATE TABLE "auth_user_groups" ("id" integer NOT NULL PRIMARY KEY AUTOINCREMENT, "user_id" integer NOT NULL REFERENCES "auth_user" ("id"), "group_id" integer NOT NULL REFERENCES "auth_group" ("id"));
CREATE UNIQUE INDEX "auth_group_permissions_group_id_permission_id_0cd325b0_uniq" ON "auth_group_permissions" ("group_id", "permission_id");
CREATE INDEX IF NOT EXISTS "auth_group_permissions_group_id_b120cbf9" ON "auth_group_permissions" ("group_id");
CREATE INDEX IF NOT EXISTS "auth_group_permissions_permission_id_84c5c92e" ON "auth_group_permissions" ("permission_id");
CREATE UNIQUE INDEX "auth_user_groups_user_id_group_id_94350c0c_uniq" ON "auth_user_groups" ("user_id", "group_id");
CREATE INDEX IF NOT EXISTS "auth_user_groups_user_id_6a12ed8b" ON "auth_user_groups" ("user_id");
CREATE INDEX IF NOT EXISTS "auth_user_groups_group_id_97559544" ON "auth_user_groups" ("group_id");
CREATE UNIQUE INDEX "auth_user_user_permissions_user_id_permission_id_14a6b632_uniq" ON "auth_user_user_permissions" ("user_id", "permission_id");
CREATE INDEX IF NOT EXISTS "auth_user_user_permissions_user_id_a95ead1b" ON "auth_user_user_permissions" ("user_id");
CREATE INDEX IF NOT EXISTS "auth_user_user_permissions_permission_id_1fbb5f2c" ON "auth_user_user_permissions" ("permission_id");
CREATE INDEX IF NOT EXISTS "django_admin_log_content_type_id_c4bce8eb" ON "django_admin_log" ("content_type_id");
CREATE INDEX IF NOT EXISTS "django_admin_log_user_id_c564eba6" ON "django_admin_log" ("user_id");
CREATE UNIQUE INDEX "django_content_type_app_label_model_76bd3d3b_uniq" ON "django_content_type" ("app_label", "model");
CREATE UNIQUE INDEX "auth_permission_content_type_id_codename_01ab375a_uniq" ON "auth_permission" ("content_type_id", "codename");
CREATE INDEX IF NOT EXISTS "auth_permission_content_type_id_2f476e4b" ON "auth_permission" ("content_type_id");
CREATE INDEX IF NOT EXISTS "django_session_expire_date_a5c62663" ON "django_session" ("expire_date");
CREATE INDEX IF NOT EXISTS "text_entry_log_id_dee26cc2" ON "text_entry" ("log_id");
CREATE INDEX IF NOT EXISTS "text_log_user_id_57c8fdfc" ON "text_log" ("user_id");
CREATE TABLE "auth_user_user_permissions" ("id" integer NOT NULL PRIMARY KEY AUTOINCREMENT, "user_id" integer NOT NULL REFERENCES "auth_user" ("id"), "permission_id" integer NOT NULL REFERENCES "auth_permission" ("id"));
CREATE UNIQUE INDEX "auth_group_permissions_group_id_permission_id_0cd325b0_uniq" ON "auth_group_permissions" ("group_id", "permission_id");
CREATE INDEX IF NOT EXISTS "auth_group_permissions_group_id_b120cbf9" ON "auth_group_permissions" ("group_id");
CREATE INDEX IF NOT EXISTS "auth_group_permissions_permission_id_84c5c92e" ON "auth_group_permissions" ("permission_id");
CREATE UNIQUE INDEX "auth_user_groups_user_id_group_id_94350c0c_uniq" ON "auth_user_groups" ("user_id", "group_id");
CREATE INDEX IF NOT EXISTS "auth_user_groups_user_id_6a12ed8b" ON "auth_user_groups" ("user_id");
CREATE INDEX IF NOT EXISTS "auth_user_groups_group_id_97559544" ON "auth_user_groups" ("group_id");
CREATE UNIQUE INDEX "auth_user_user_permissions_user_id_permission_id_14a6b632_uniq" ON "auth_user_user_permissions" ("user_id", "permission_id");
CREATE INDEX IF NOT EXISTS "auth_user_user_permissions_user_id_a95ead1b" ON "auth_user_user_permissions" ("user_id");
CREATE INDEX IF NOT EXISTS "auth_user_user_permissions_permission_id_1fbb5f2c" ON "auth_user_user_permissions" ("permission_id");
CREATE INDEX IF NOT EXISTS "django_admin_log_content_type_id_c4bce8eb" ON "django_admin_log" ("content_type_id");
CREATE INDEX IF NOT EXISTS "django_admin_log_user_id_c564eba6" ON "django_admin_log" ("user_id");
CREATE UNIQUE INDEX "django_content_type_app_label_model_76bd3d3b_uniq" ON "django_content_type" ("app_label", "model");
CREATE UNIQUE INDEX "auth_permission_content_type_id_codename_01ab375a_uniq" ON "auth_permission" ("content_type_id", "codename");
CREATE INDEX IF NOT EXISTS "auth_permission_content_type_id_2f476e4b" ON "auth_permission" ("content_type_id");
CREATE INDEX IF NOT EXISTS "django_session_expire_date_a5c62663" ON "django_session" ("expire_date");
CREATE INDEX IF NOT EXISTS "text_entry_log_id_dee26cc2" ON "text_entry" ("log_id");
CREATE INDEX IF NOT EXISTS "text_log_user_id_57c8fdfc" ON "text_log" ("user_id");
CREATE TABLE "django_admin_log" ("id" integer NOT NULL PRIMARY KEY AUTOINCREMENT, "object_id" text NULL, "object_repr" varchar(200) NOT NULL, "action_flag" smallint unsigned NOT NULL, "change_message" text NOT NULL, "content_type_id" integer NULL REFERENCES "django_content_type" ("id"), "user_id" integer NOT NULL REFERENCES "auth_user" ("id"), "action_time" datetime NOT NULL);
INSERT INTO "django_admin_log" VALUES(1,'1','First',1,'[{"added": {}}]',7,1,'2017-10-31 23:47:57.921850');
INSERT INTO "django_admin_log" VALUES(2,'2','Second',1,'[{"added": {}}]',7,1,'2017-10-31 23:48:11.537380');
INSERT INTO "django_admin_log" VALUES(3,'2','Second',2,'[]',7,1,'2017-10-31 23:49:16.470627');
INSERT INTO "django_admin_log" VALUES(4,'1','Unos',1,'[{"added": {}}]',8,1,'2017-10-31 23:49:55.310127');
INSERT INTO "django_admin_log" VALUES(5,'1','Unos',2,'[]',8,1,'2017-10-31 23:50:01.859009');
INSERT INTO "django_admin_log" VALUES(6,'2','as',1,'[{"added": {}}]',8,1,'2017-11-01 01:00:15.961813');
INSERT INTO "django_admin_log" VALUES(7,'3','dasda',1,'[{"added": {}}]',8,1,'2017-11-01 01:00:24.647915');
INSERT INTO "django_admin_log" VALUES(8,'4','sdhauisdakjn',1,'[{"added": {}}]',8,1,'2017-11-01 01:08:28.707365');
INSERT INTO "django_admin_log" VALUES(9,'3','Third Log',3,'',7,1,'2017-11-01 15:08:18.927498');
INSERT INTO "django_admin_log" VALUES(10,'2','Second',3,'',7,1,'2017-11-01 15:08:18.957662');
INSERT INTO "django_admin_log" VALUES(11,'3','iustin',1,'[{"added": {}}]',4,1,'2017-11-01 16:56:54.899800');
INSERT INTO "django_admin_log" VALUES(12,'9','Third',2,'[]',7,1,'2017-11-01 18:42:27.694666');
INSERT INTO "django_admin_log" VALUES(13,'5','as',1,'[{"added": {}}]',8,1,'2017-11-01 18:45:20.808841');
INSERT INTO "django_admin_log" VALUES(14,'7','bla bla',3,'',8,1,'2017-11-02 22:19:30.335349');
INSERT INTO "django_admin_log" VALUES(15,'6','asas',3,'',8,1,'2017-11-02 22:19:30.351359');
INSERT INTO "django_admin_log" VALUES(16,'5','as',3,'',8,1,'2017-11-02 22:19:30.362367');
INSERT INTO "django_admin_log" VALUES(17,'13','as',3,'',8,1,'2017-11-02 22:29:28.210114');
CREATE UNIQUE INDEX "auth_group_permissions_group_id_permission_id_0cd325b0_uniq" ON "auth_group_permissions" ("group_id", "permission_id");
CREATE INDEX IF NOT EXISTS "auth_group_permissions_group_id_b120cbf9" ON "auth_group_permissions" ("group_id");
CREATE INDEX IF NOT EXISTS "auth_group_permissions_permission_id_84c5c92e" ON "auth_group_permissions" ("permission_id");
CREATE UNIQUE INDEX "auth_user_groups_user_id_group_id_94350c0c_uniq" ON "auth_user_groups" ("user_id", "group_id");
CREATE INDEX IF NOT EXISTS "auth_user_groups_user_id_6a12ed8b" ON "auth_user_groups" ("user_id");
CREATE INDEX IF NOT EXISTS "auth_user_groups_group_id_97559544" ON "auth_user_groups" ("group_id");
CREATE UNIQUE INDEX "auth_user_user_permissions_user_id_permission_id_14a6b632_uniq" ON "auth_user_user_permissions" ("user_id", "permission_id");
CREATE INDEX IF NOT EXISTS "auth_user_user_permissions_user_id_a95ead1b" ON "auth_user_user_permissions" ("user_id");
CREATE INDEX IF NOT EXISTS "auth_user_user_permissions_permission_id_1fbb5f2c" ON "auth_user_user_permissions" ("permission_id");
CREATE INDEX IF NOT EXISTS "django_admin_log_content_type_id_c4bce8eb" ON "django_admin_log" ("content_type_id");
CREATE INDEX IF NOT EXISTS "django_admin_log_user_id_c564eba6" ON "django_admin_log" ("user_id");
CREATE UNIQUE INDEX "django_content_type_app_label_model_76bd3d3b_uniq" ON "django_content_type" ("app_label", "model");
CREATE UNIQUE INDEX "auth_permission_content_type_id_codename_01ab375a_uniq" ON "auth_permission" ("content_type_id", "codename");
CREATE INDEX IF NOT EXISTS "auth_permission_content_type_id_2f476e4b" ON "auth_permission" ("content_type_id");
CREATE INDEX IF NOT EXISTS "django_session_expire_date_a5c62663" ON "django_session" ("expire_date");
CREATE INDEX IF NOT EXISTS "text_entry_log_id_dee26cc2" ON "text_entry" ("log_id");
CREATE INDEX IF NOT EXISTS "text_log_user_id_57c8fdfc" ON "text_log" ("user_id");
CREATE TABLE "django_content_type" ("id" integer NOT NULL PRIMARY KEY AUTOINCREMENT, "app_label" varchar(100) NOT NULL, "model" varchar(100) NOT NULL);
INSERT INTO "django_content_type" VALUES(1,'admin','logentry');
INSERT INTO "django_content_type" VALUES(2,'auth','group');
INSERT INTO "django_content_type" VALUES(3,'auth','permission');
INSERT INTO "django_content_type" VALUES(4,'auth','user');
INSERT INTO "django_content_type" VALUES(5,'contenttypes','contenttype');
INSERT INTO "django_content_type" VALUES(6,'sessions','session');
INSERT INTO "django_content_type" VALUES(7,'text','log');
INSERT INTO "django_content_type" VALUES(8,'text','entry');
CREATE UNIQUE INDEX "auth_group_permissions_group_id_permission_id_0cd325b0_uniq" ON "auth_group_permissions" ("group_id", "permission_id");
CREATE INDEX IF NOT EXISTS "auth_group_permissions_group_id_b120cbf9" ON "auth_group_permissions" ("group_id");
CREATE INDEX IF NOT EXISTS "auth_group_permissions_permission_id_84c5c92e" ON "auth_group_permissions" ("permission_id");
CREATE UNIQUE INDEX "auth_user_groups_user_id_group_id_94350c0c_uniq" ON "auth_user_groups" ("user_id", "group_id");
CREATE INDEX IF NOT EXISTS "auth_user_groups_user_id_6a12ed8b" ON "auth_user_groups" ("user_id");
CREATE INDEX IF NOT EXISTS "auth_user_groups_group_id_97559544" ON "auth_user_groups" ("group_id");
CREATE UNIQUE INDEX "auth_user_user_permissions_user_id_permission_id_14a6b632_uniq" ON "auth_user_user_permissions" ("user_id", "permission_id");
CREATE INDEX IF NOT EXISTS "auth_user_user_permissions_user_id_a95ead1b" ON "auth_user_user_permissions" ("user_id");
CREATE INDEX IF NOT EXISTS "auth_user_user_permissions_permission_id_1fbb5f2c" ON "auth_user_user_permissions" ("permission_id");
CREATE INDEX IF NOT EXISTS "django_admin_log_content_type_id_c4bce8eb" ON "django_admin_log" ("content_type_id");
CREATE INDEX IF NOT EXISTS "django_admin_log_user_id_c564eba6" ON "django_admin_log" ("user_id");
CREATE UNIQUE INDEX "django_content_type_app_label_model_76bd3d3b_uniq" ON "django_content_type" ("app_label", "model");
CREATE UNIQUE INDEX "auth_permission_content_type_id_codename_01ab375a_uniq" ON "auth_permission" ("content_type_id", "codename");
CREATE INDEX IF NOT EXISTS "auth_permission_content_type_id_2f476e4b" ON "auth_permission" ("content_type_id");
CREATE INDEX IF NOT EXISTS "django_session_expire_date_a5c62663" ON "django_session" ("expire_date");
CREATE INDEX IF NOT EXISTS "text_entry_log_id_dee26cc2" ON "text_entry" ("log_id");
CREATE INDEX IF NOT EXISTS "text_log_user_id_57c8fdfc" ON "text_log" ("user_id");
CREATE TABLE "django_migrations" ("id" integer NOT NULL PRIMARY KEY AUTOINCREMENT, "app" varchar(255) NOT NULL, "name" varchar(255) NOT NULL, "applied" datetime NOT NULL);
INSERT INTO "django_migrations" VALUES(1,'contenttypes','0001_initial','2017-10-31 23:20:24.988094');
INSERT INTO "django_migrations" VALUES(2,'auth','0001_initial','2017-10-31 23:20:25.019900');
INSERT INTO "django_migrations" VALUES(3,'admin','0001_initial','2017-10-31 23:20:25.049581');
INSERT INTO "django_migrations" VALUES(4,'admin','0002_logentry_remove_auto_add','2017-10-31 23:20:25.076600');
INSERT INTO "django_migrations" VALUES(5,'contenttypes','0002_remove_content_type_name','2017-10-31 23:20:25.113071');
INSERT INTO "django_migrations" VALUES(6,'auth','0002_alter_permission_name_max_length','2017-10-31 23:20:25.135841');
INSERT INTO "django_migrations" VALUES(7,'auth','0003_alter_user_email_max_length','2017-10-31 23:20:25.162113');
INSERT INTO "django_migrations" VALUES(8,'auth','0004_alter_user_username_opts','2017-10-31 23:20:25.194019');
INSERT INTO "django_migrations" VALUES(9,'auth','0005_alter_user_last_login_null','2017-10-31 23:20:25.235679');
INSERT INTO "django_migrations" VALUES(10,'auth','0006_require_contenttypes_0002','2017-10-31 23:20:25.245187');
INSERT INTO "django_migrations" VALUES(11,'auth','0007_alter_validators_add_error_messages','2017-10-31 23:20:25.272361');
INSERT INTO "django_migrations" VALUES(12,'auth','0008_alter_user_username_max_length','2017-10-31 23:20:25.298864');
INSERT INTO "django_migrations" VALUES(13,'sessions','0001_initial','2017-10-31 23:20:25.317252');
INSERT INTO "django_migrations" VALUES(14,'text','0001_initial','2017-10-31 23:41:33.580844');
INSERT INTO "django_migrations" VALUES(15,'text','0002_entry_is_favorite','2017-11-01 01:23:02.644642');
INSERT INTO "django_migrations" VALUES(16,'text','0003_log_is_favorite','2017-11-01 13:21:38.727242');
INSERT INTO "django_migrations" VALUES(17,'text','0004_log_user','2017-11-01 17:10:46.713108');
CREATE UNIQUE INDEX "auth_group_permissions_group_id_permission_id_0cd325b0_uniq" ON "auth_group_permissions" ("group_id", "permission_id");
CREATE INDEX IF NOT EXISTS "auth_group_permissions_group_id_b120cbf9" ON "auth_group_permissions" ("group_id");
CREATE INDEX IF NOT EXISTS "auth_group_permissions_permission_id_84c5c92e" ON "auth_group_permissions" ("permission_id");
CREATE UNIQUE INDEX "auth_user_groups_user_id_group_id_94350c0c_uniq" ON "auth_user_groups" ("user_id", "group_id");
CREATE INDEX IF NOT EXISTS "auth_user_groups_user_id_6a12ed8b" ON "auth_user_groups" ("user_id");
CREATE INDEX IF NOT EXISTS "auth_user_groups_group_id_97559544" ON "auth_user_groups" ("group_id");
CREATE UNIQUE INDEX "auth_user_user_permissions_user_id_permission_id_14a6b632_uniq" ON "auth_user_user_permissions" ("user_id", "permission_id");
CREATE INDEX IF NOT EXISTS "auth_user_user_permissions_user_id_a95ead1b" ON "auth_user_user_permissions" ("user_id");
CREATE INDEX IF NOT EXISTS "auth_user_user_permissions_permission_id_1fbb5f2c" ON "auth_user_user_permissions" ("permission_id");
CREATE INDEX IF NOT EXISTS "django_admin_log_content_type_id_c4bce8eb" ON "django_admin_log" ("content_type_id");
CREATE INDEX IF NOT EXISTS "django_admin_log_user_id_c564eba6" ON "django_admin_log" ("user_id");
CREATE UNIQUE INDEX "django_content_type_app_label_model_76bd3d3b_uniq" ON "django_content_type" ("app_label", "model");
CREATE UNIQUE INDEX "auth_permission_content_type_id_codename_01ab375a_uniq" ON "auth_permission" ("content_type_id", "codename");
CREATE INDEX IF NOT EXISTS "auth_permission_content_type_id_2f476e4b" ON "auth_permission" ("content_type_id");
CREATE INDEX IF NOT EXISTS "django_session_expire_date_a5c62663" ON "django_session" ("expire_date");
CREATE INDEX IF NOT EXISTS "text_entry_log_id_dee26cc2" ON "text_entry" ("log_id");
CREATE INDEX IF NOT EXISTS "text_log_user_id_57c8fdfc" ON "text_log" ("user_id");
CREATE TABLE "django_session" ("session_key" varchar(40) NOT NULL PRIMARY KEY, "session_data" text NOT NULL, "expire_date" datetime NOT NULL);
INSERT INTO "django_session" VALUES('jzof87pgd60yyrvo5nxgd1tv28brpre4','ODZiNmUxNGQwNzRhMGNiODE2YTRkMWE2MjdkM2RlYjllYTJhZjBiZjp7Il9hdXRoX3VzZXJfaWQiOiIzIiwiX2F1dGhfdXNlcl9iYWNrZW5kIjoiZGphbmdvLmNvbnRyaWIuYXV0aC5iYWNrZW5kcy5Nb2RlbEJhY2tlbmQiLCJfYXV0aF91c2VyX2hhc2giOiJmOGY0NTdkYmM4Nzc4OWVmNjI1ZjcwNjQ1ZjIyNDM0NGQxMzY2OTI2In0=','2017-11-15 21:49:51.059627');
INSERT INTO "django_session" VALUES('htadl0ocv86fja2667mjgq3scfeg8wbs','OGRiYWY3NWY3Y2M4ZTk1ZWQ4ZTE5YzkzNmMzMjIwMjFmNDRkODVhMzp7Il9hdXRoX3VzZXJfaGFzaCI6IjMwM2IwMzJmNGU2ZGY1OWQyMjg4MjkyYjY0NWRiN2NiYWNhYTI3MDkiLCJfYXV0aF91c2VyX2JhY2tlbmQiOiJkamFuZ28uY29udHJpYi5hdXRoLmJhY2tlbmRzLk1vZGVsQmFja2VuZCIsIl9hdXRoX3VzZXJfaWQiOiIxIn0=','2017-11-15 23:25:25.047188');
INSERT INTO "django_session" VALUES('i7aoaxb36l8iw4sl0vylifstlarsh7d2','Y2UxYWE5MTI3ODUxMDk0NmY0YzQxYTEwNDgwYTAyOWJjOGQ0MTY1ZDp7Il9hdXRoX3VzZXJfYmFja2VuZCI6ImRqYW5nby5jb250cmliLmF1dGguYmFja2VuZHMuTW9kZWxCYWNrZW5kIiwiX2F1dGhfdXNlcl9pZCI6IjYiLCJfYXV0aF91c2VyX2hhc2giOiJjOGVhNzU5YWFhNDQ2MjM3MDE0ZWNlODdhNTM5ZDc2YzdlN2NmNzMyIn0=','2017-11-16 14:06:13.373115');
INSERT INTO "django_session" VALUES('06432158dfx0h0njqkl4qi090ig33igp','NjljNjRhNGE2YjNkZjc2YWMxNDY1ZDc2ZmNlZDljNDJmMjkxY2QyZjp7Il9hdXRoX3VzZXJfaGFzaCI6ImY4ZjQ1N2RiYzg3Nzg5ZWY2MjVmNzA2NDVmMjI0MzQ0ZDEzNjY5MjYiLCJfYXV0aF91c2VyX2JhY2tlbmQiOiJkamFuZ28uY29udHJpYi5hdXRoLmJhY2tlbmRzLk1vZGVsQmFja2VuZCIsIl9hdXRoX3VzZXJfaWQiOiIzIn0=','2017-11-16 14:48:10.080549');
INSERT INTO "django_session" VALUES('tae390u8pl1q8n7selye8ahz01ac6tqo','NGU0ZDY0YjUyZTcyODE2NmEzZmVhZTg0ODYxOTdhNjVhNWE2YmEwYzp7Il9hdXRoX3VzZXJfaGFzaCI6IjQ5YzdjNzIyNzUzMDAxMzJiNzg1OTBkMzQ4MDE3ZjhmMGE2MzI4NDkiLCJfYXV0aF91c2VyX2JhY2tlbmQiOiJkamFuZ28uY29udHJpYi5hdXRoLmJhY2tlbmRzLk1vZGVsQmFja2VuZCIsIl9hdXRoX3VzZXJfaWQiOiI5In0=','2017-11-17 11:14:48.097692');
CREATE UNIQUE INDEX "auth_group_permissions_group_id_permission_id_0cd325b0_uniq" ON "auth_group_permissions" ("group_id", "permission_id");
CREATE INDEX IF NOT EXISTS "auth_group_permissions_group_id_b120cbf9" ON "auth_group_permissions" ("group_id");
CREATE INDEX IF NOT EXISTS "auth_group_permissions_permission_id_84c5c92e" ON "auth_group_permissions" ("permission_id");
CREATE UNIQUE INDEX "auth_user_groups_user_id_group_id_94350c0c_uniq" ON "auth_user_groups" ("user_id", "group_id");
CREATE INDEX IF NOT EXISTS "auth_user_groups_user_id_6a12ed8b" ON "auth_user_groups" ("user_id");
CREATE INDEX IF NOT EXISTS "auth_user_groups_group_id_97559544" ON "auth_user_groups" ("group_id");
CREATE UNIQUE INDEX "auth_user_user_permissions_user_id_permission_id_14a6b632_uniq" ON "auth_user_user_permissions" ("user_id", "permission_id");
CREATE INDEX IF NOT EXISTS "auth_user_user_permissions_user_id_a95ead1b" ON "auth_user_user_permissions" ("user_id");
CREATE INDEX IF NOT EXISTS "auth_user_user_permissions_permission_id_1fbb5f2c" ON "auth_user_user_permissions" ("permission_id");
CREATE INDEX IF NOT EXISTS "django_admin_log_content_type_id_c4bce8eb" ON "django_admin_log" ("content_type_id");
CREATE INDEX IF NOT EXISTS "django_admin_log_user_id_c564eba6" ON "django_admin_log" ("user_id");
CREATE UNIQUE INDEX "django_content_type_app_label_model_76bd3d3b_uniq" ON "django_content_type" ("app_label", "model");
CREATE UNIQUE INDEX "auth_permission_content_type_id_codename_01ab375a_uniq" ON "auth_permission" ("content_type_id", "codename");
CREATE INDEX IF NOT EXISTS "auth_permission_content_type_id_2f476e4b" ON "auth_permission" ("content_type_id");
CREATE INDEX IF NOT EXISTS "django_session_expire_date_a5c62663" ON "django_session" ("expire_date");
CREATE INDEX IF NOT EXISTS "text_entry_log_id_dee26cc2" ON "text_entry" ("log_id");
CREATE INDEX IF NOT EXISTS "text_log_user_id_57c8fdfc" ON "text_log" ("user_id");
CREATE TABLE "text_entry" ("id" integer NOT NULL PRIMARY KEY AUTOINCREMENT, "title" varchar(50) NOT NULL, "text" varchar(500) NOT NULL, "date" datetime NOT NULL, "log_id" integer NOT NULL REFERENCES "text_log" ("id"), "is_favorite" bool NOT NULL);
INSERT INTO "text_entry" VALUES(14,'Today I ate a lot','Lorem Ipsum is simply dummy text of the printing and typesetting industry. Lorem Ipsum has been the industry''s standard dummy text ever since the 1500s, when an unknown printer took a galley of type and scrambled it to make a type specimen book. It has survived not only five centuries, but also the leap into electronic typesetting, remaining essentially unchanged. It was popularised in the 1960s with the release of Letraset sheets containing Lorem Ipsum passages, and more recently with desktop p','2017-11-02 21:41:06.766611',12,0);
INSERT INTO "text_entry" VALUES(15,'today I ate more','Lorem Ipsum is simply dummy text of the printing and typesetting industry. Lorem Ipsum has been the industry''s standard dummy text ever since the 1500s, when an unknown printer took a galley of type and scrambled it to make a type specimen book. It has survived not only five centuries, but also the leap into electronic typesetting, remaining essentially unchanged. It was popularised in the 1960s with the release of Letraset sheets containing Lorem Ipsum passages, and more recently with desktop p','2017-11-02 21:41:06.766611',12,0);
INSERT INTO "text_entry" VALUES(16,'asd','<form class="navbar-form navbar-left" role="search" method="get" action="{% url ''Logbook:index'' %}">                 <div class="form-group">                     <input type="text" class="form-control" name="q" value="#">','2017-11-02 21:41:06.766611',12,0);
INSERT INTO "text_entry" VALUES(17,'Astazi m-am drogat','Lorem Ipsum is simply dummy text of the printing and typesetting industry. Lorem Ipsum has been the industry''s standard dummy text ever since the 1500s, when an unknown printer took a galley of type and scrambled it to make a type specimen book. It has survived not only five centuries, but also the leap into electronic typesetting, remaining essentially unchanged. It was popularised in the 1960s with the release of Letraset sheets containing Lorem Ipsum passages, and more recently with desktop p','2017-11-02 21:41:06.766611',13,0);
INSERT INTO "text_entry" VALUES(18,'Si azi','Lorem Ipsum is simply dummy text of the printing and typesetting industry. Lorem Ipsum has been the industry''s standard dummy text ever since the 1500s, when an unknown printer took a galley of type and scrambled it to make a type specimen book. It has survived not only five centuries, but also the leap into electronic typesetting, remaining essentially unchanged. It was popularised in the 1960s with the release of Letraset sheets containing Lorem Ipsum passages, and more recently with desktop p','2017-11-02 21:41:06.766611',13,0);
INSERT INTO "text_entry" VALUES(19,'Hey','Lorem Ipsum is simply dummy text of the printing and typesetting industry. Lorem Ipsum has been the industry''s standard dummy text ever since the 1500s, when an unknown printer took a galley of type and scrambled it to make a type specimen book. It has survived not only five centuries, but also the leap into electronic typesetting, remaining essentially unchanged. It was popularised in the 1960s with the release of Letraset sheets containing Lorem Ipsum passages, and more recently with desktop p','2017-11-02 21:41:06.766611',13,0);
CREATE UNIQUE INDEX "auth_group_permissions_group_id_permission_id_0cd325b0_uniq" ON "auth_group_permissions" ("group_id", "permission_id");
CREATE INDEX IF NOT EXISTS "auth_group_permissions_group_id_b120cbf9" ON "auth_group_permissions" ("group_id");
CREATE INDEX IF NOT EXISTS "auth_group_permissions_permission_id_84c5c92e" ON "auth_group_permissions" ("permission_id");
CREATE UNIQUE INDEX "auth_user_groups_user_id_group_id_94350c0c_uniq" ON "auth_user_groups" ("user_id", "group_id");
CREATE INDEX IF NOT EXISTS "auth_user_groups_user_id_6a12ed8b" ON "auth_user_groups" ("user_id");
CREATE INDEX IF NOT EXISTS "auth_user_groups_group_id_97559544" ON "auth_user_groups" ("group_id");
CREATE UNIQUE INDEX "auth_user_user_permissions_user_id_permission_id_14a6b632_uniq" ON "auth_user_user_permissions" ("user_id", "permission_id");
CREATE INDEX IF NOT EXISTS "auth_user_user_permissions_user_id_a95ead1b" ON "auth_user_user_permissions" ("user_id");
CREATE INDEX IF NOT EXISTS "auth_user_user_permissions_permission_id_1fbb5f2c" ON "auth_user_user_permissions" ("permission_id");
CREATE INDEX IF NOT EXISTS "django_admin_log_content_type_id_c4bce8eb" ON "django_admin_log" ("content_type_id");
CREATE INDEX IF NOT EXISTS "django_admin_log_user_id_c564eba6" ON "django_admin_log" ("user_id");
CREATE UNIQUE INDEX "django_content_type_app_label_model_76bd3d3b_uniq" ON "django_content_type" ("app_label", "model");
CREATE UNIQUE INDEX "auth_permission_content_type_id_codename_01ab375a_uniq" ON "auth_permission" ("content_type_id", "codename");
CREATE INDEX IF NOT EXISTS "auth_permission_content_type_id_2f476e4b" ON "auth_permission" ("content_type_id");
CREATE INDEX IF NOT EXISTS "django_session_expire_date_a5c62663" ON "django_session" ("expire_date");
CREATE INDEX IF NOT EXISTS "text_entry_log_id_dee26cc2" ON "text_entry" ("log_id");
CREATE INDEX IF NOT EXISTS "text_log_user_id_57c8fdfc" ON "text_log" ("user_id");
CREATE TABLE "text_log" ("id" integer NOT NULL PRIMARY KEY AUTOINCREMENT, "title" varchar(50) NOT NULL, "category" varchar(50) NOT NULL, "date" datetime NOT NULL, "is_favorite" bool NOT NULL, "user_id" integer NOT NULL REFERENCES "auth_user" ("id"));
INSERT INTO "text_log" VALUES(7,'First','test','2017-11-01 17:59:52.125910',0,3);
INSERT INTO "text_log" VALUES(12,'Today','test','2017-11-02 21:41:06.766611',0,7);
INSERT INTO "text_log" VALUES(13,'Cuie','droguri','2017-11-02 21:41:06.766611',0,8);
CREATE UNIQUE INDEX "auth_group_permissions_group_id_permission_id_0cd325b0_uniq" ON "auth_group_permissions" ("group_id", "permission_id");
CREATE INDEX IF NOT EXISTS "auth_group_permissions_group_id_b120cbf9" ON "auth_group_permissions" ("group_id");
CREATE INDEX IF NOT EXISTS "auth_group_permissions_permission_id_84c5c92e" ON "auth_group_permissions" ("permission_id");
CREATE UNIQUE INDEX "auth_user_groups_user_id_group_id_94350c0c_uniq" ON "auth_user_groups" ("user_id", "group_id");
CREATE INDEX IF NOT EXISTS "auth_user_groups_user_id_6a12ed8b" ON "auth_user_groups" ("user_id");
CREATE INDEX IF NOT EXISTS "auth_user_groups_group_id_97559544" ON "auth_user_groups" ("group_id");
CREATE UNIQUE INDEX "auth_user_user_permissions_user_id_permission_id_14a6b632_uniq" ON "auth_user_user_permissions" ("user_id", "permission_id");
CREATE INDEX IF NOT EXISTS "auth_user_user_permissions_user_id_a95ead1b" ON "auth_user_user_permissions" ("user_id");
CREATE INDEX IF NOT EXISTS "auth_user_user_permissions_permission_id_1fbb5f2c" ON "auth_user_user_permissions" ("permission_id");
CREATE INDEX IF NOT EXISTS "django_admin_log_content_type_id_c4bce8eb" ON "django_admin_log" ("content_type_id");
CREATE INDEX IF NOT EXISTS "django_admin_log_user_id_c564eba6" ON "django_admin_log" ("user_id");
CREATE UNIQUE INDEX "django_content_type_app_label_model_76bd3d3b_uniq" ON "django_content_type" ("app_label", "model");
CREATE UNIQUE INDEX "auth_permission_content_type_id_codename_01ab375a_uniq" ON "auth_permission" ("content_type_id", "codename");
CREATE INDEX IF NOT EXISTS "auth_permission_content_type_id_2f476e4b" ON "auth_permission" ("content_type_id");
CREATE INDEX IF NOT EXISTS "django_session_expire_date_a5c62663" ON "django_session" ("expire_date");
CREATE INDEX IF NOT EXISTS "text_entry_log_id_dee26cc2" ON "text_entry" ("log_id");
CREATE INDEX IF NOT EXISTS "text_log_user_id_57c8fdfc" ON "text_log" ("user_id");
